time_passes,gvn,instcombine,inline,jump_threading,simplifycfg,sccp,print_used_types,ipsccp,iv_users,licm,Performance
Y,N,N,N,N,N,N,N,N,N,N,210.44 
Y,N,N,N,N,N,Y,N,N,Y,N,200.66 
Y,N,N,Y,N,Y,Y,N,Y,Y,N,213.60 
Y,N,Y,Y,Y,Y,Y,Y,Y,Y,Y,248.58 
Y,Y,Y,Y,Y,Y,N,N,N,N,Y,251.80 
Y,Y,Y,Y,Y,Y,N,N,N,Y,Y,261.57 
Y,Y,Y,Y,Y,Y,N,Y,N,N,Y,267.59 
Y,Y,Y,Y,Y,Y,N,Y,N,Y,Y,260.69 
Y,Y,Y,Y,Y,Y,Y,N,Y,N,Y,265.42 
Y,Y,Y,Y,Y,Y,Y,Y,Y,N,Y,262.94 
Y,Y,Y,Y,Y,Y,Y,N,Y,Y,Y,263.82 
Y,Y,Y,Y,Y,Y,Y,Y,Y,Y,Y,267.51 
Y,N,Y,Y,Y,Y,Y,N,N,N,Y,268.55 
Y,N,N,Y,N,Y,N,Y,N,N,N,214.89 
Y,N,Y,Y,Y,Y,Y,N,N,Y,Y,249.34 
Y,N,Y,Y,Y,Y,Y,N,Y,N,Y,251.79 
Y,N,Y,Y,Y,Y,Y,N,Y,Y,Y,251.52 
Y,Y,Y,Y,Y,Y,Y,N,N,N,Y,252.68 
Y,Y,Y,Y,Y,Y,Y,N,Y,N,Y,263.59 
Y,Y,Y,Y,Y,Y,Y,N,N,Y,Y,264.74 
Y,Y,Y,Y,Y,Y,Y,N,Y,Y,Y,269.47 
Y,N,Y,Y,Y,Y,Y,Y,N,N,Y,269.47 
Y,N,Y,Y,Y,Y,Y,Y,N,Y,Y,249.36 
Y,Y,Y,Y,Y,Y,Y,Y,N,N,Y,250.43 
Y,N,N,Y,N,Y,Y,Y,Y,N,N,211.00 
Y,Y,Y,Y,Y,Y,Y,Y,N,Y,Y,262.11 
Y,N,Y,Y,Y,Y,Y,Y,Y,N,Y,267.17 
Y,Y,Y,Y,Y,Y,Y,Y,Y,N,Y,252.45 
Y,N,Y,Y,Y,Y,Y,Y,Y,Y,Y,265.82 
Y,Y,Y,Y,Y,Y,Y,Y,Y,Y,Y,253.67 
Y,N,N,Y,N,Y,N,Y,N,Y,N,215.10 
Y,N,N,Y,N,Y,Y,Y,Y,Y,N,212.53 
Y,N,N,Y,Y,Y,N,N,N,N,N,216.37 
Y,N,N,Y,Y,Y,N,N,N,Y,N,210.51 
Y,N,N,Y,Y,Y,N,Y,N,N,N,212.71 
Y,N,N,Y,Y,Y,N,Y,N,Y,N,211.48 
Y,N,N,Y,Y,Y,Y,N,Y,N,N,213.97 
Y,N,N,N,N,N,Y,Y,N,N,N,202.39 
Y,N,N,Y,Y,Y,Y,Y,Y,N,N,214.41 
Y,N,N,Y,Y,Y,Y,N,Y,Y,N,215.73 
Y,N,N,Y,Y,Y,Y,Y,Y,Y,N,215.95 
Y,N,N,Y,N,Y,Y,N,N,N,N,217.24 
Y,N,N,Y,N,Y,Y,N,N,Y,N,212.44 
Y,N,N,Y,N,Y,Y,N,Y,N,N,214.38 
Y,N,N,Y,N,Y,Y,N,Y,Y,N,215.94 
Y,N,N,Y,Y,Y,Y,N,N,N,N,217.47 
Y,N,N,Y,Y,Y,Y,N,Y,N,N,213.41 
Y,N,N,Y,Y,Y,Y,N,N,Y,N,216.92 
Y,N,N,N,N,N,Y,Y,N,Y,N,201.90 
Y,N,N,Y,Y,Y,Y,N,Y,Y,N,215.37 
Y,N,N,Y,N,Y,Y,Y,N,N,N,218.23 
Y,N,N,Y,N,Y,Y,Y,N,Y,N,213.00 
Y,N,N,Y,Y,Y,Y,Y,N,N,N,214.48 
Y,N,N,Y,Y,Y,Y,Y,N,Y,N,214.50 
Y,N,N,Y,N,Y,Y,Y,Y,N,N,215.47 
Y,N,N,Y,Y,Y,Y,Y,Y,N,N,217.29 
Y,N,N,Y,N,Y,Y,Y,Y,Y,N,218.32 
Y,N,N,Y,Y,Y,Y,Y,Y,Y,N,218.62 
Y,N,Y,N,N,N,N,N,N,N,N,219.64 
Y,N,N,N,N,N,Y,N,Y,N,N,203.64 
Y,N,Y,N,N,N,N,N,N,Y,N,216.40 
Y,N,Y,N,N,N,Y,N,Y,N,N,218.82 
Y,N,Y,N,N,N,Y,N,Y,Y,N,219.28 
Y,N,Y,N,N,N,N,Y,N,N,N,221.38 
Y,N,Y,N,N,N,Y,Y,Y,N,N,217.29 
Y,N,Y,N,N,N,N,Y,N,Y,N,220.40 
Y,N,Y,N,N,N,Y,Y,Y,Y,N,219.39 
Y,N,Y,N,N,N,Y,N,N,N,N,222.43 
Y,N,Y,N,N,N,Y,N,N,Y,N,218.97 
Y,N,Y,N,N,N,Y,Y,N,N,N,220.42 
Y,N,N,N,N,N,Y,Y,Y,N,N,204.18 
Y,N,Y,N,N,N,Y,Y,N,Y,N,218.89 
Y,N,Y,N,N,N,Y,N,Y,N,N,221.17 
Y,N,Y,N,N,N,Y,Y,Y,N,N,221.10 
Y,N,Y,N,N,N,Y,N,Y,Y,N,222.87 
Y,N,Y,N,N,N,Y,Y,Y,Y,N,223.30 
Y,N,Y,N,N,Y,N,N,N,N,N,224.73 
Y,N,Y,N,N,Y,N,N,N,Y,N,217.70 
Y,N,Y,N,N,Y,Y,N,Y,N,N,219.97 
Y,N,Y,N,N,Y,Y,N,Y,Y,N,220.39 
Y,N,Y,N,N,Y,Y,N,N,N,N,222.52 
Y,N,N,N,N,N,Y,N,Y,Y,N,205.13 
Y,N,Y,N,N,Y,Y,N,Y,N,N,219.33 
Y,N,Y,N,N,Y,Y,N,N,Y,N,222.19 
Y,N,Y,N,N,Y,Y,N,Y,Y,N,221.73 
Y,N,Y,N,N,Y,N,Y,N,N,N,224.18 
Y,N,Y,N,N,Y,N,Y,N,Y,N,218.56 
Y,N,Y,N,N,Y,Y,Y,N,N,N,220.57 
Y,N,Y,N,N,Y,Y,Y,N,Y,N,220.21 
Y,N,Y,N,N,Y,Y,Y,Y,N,N,222.27 
Y,N,Y,N,N,Y,Y,Y,Y,N,N,221.26 
Y,N,Y,N,N,Y,Y,Y,Y,Y,N,223.70 
Y,N,N,N,N,N,Y,Y,Y,Y,N,205.99 
Y,N,Y,N,N,Y,Y,Y,Y,Y,N,223.29 
Y,N,Y,Y,N,N,N,N,N,N,N,224.95 
Y,N,Y,Y,N,N,N,N,N,Y,N,224.49 
Y,N,Y,Y,N,N,Y,N,Y,N,N,227.13 
Y,N,Y,Y,N,N,Y,N,Y,Y,N,227.40 
Y,N,Y,Y,N,N,N,Y,N,N,N,229.28 
Y,N,Y,Y,N,N,Y,Y,Y,N,N,224.99 
Y,N,Y,Y,N,N,N,Y,N,Y,N,228.65 
Y,N,Y,Y,N,N,Y,Y,Y,Y,N,227.15 
Y,N,Y,Y,N,Y,N,N,N,N,N,230.54 
Y,N,N,N,N,Y,N,N,N,N,N,206.90 
Y,N,Y,Y,N,Y,N,N,N,Y,N,226.13 
Y,N,Y,Y,N,Y,N,Y,N,N,N,228.65 
Y,N,Y,Y,N,Y,N,Y,N,Y,N,226.57 
Y,N,Y,Y,N,Y,Y,N,Y,N,N,228.47 
Y,N,Y,Y,N,Y,Y,Y,Y,N,N,229.70 
Y,N,Y,Y,N,Y,Y,N,Y,Y,N,230.47 
Y,N,Y,Y,N,Y,Y,Y,Y,Y,N,230.79 
Y,N,Y,Y,N,N,Y,N,N,N,N,232.12 
Y,N,Y,Y,N,N,Y,N,N,Y,N,226.88 
Y,N,Y,Y,N,N,Y,N,Y,N,N,229.19 
Y,N,N,N,N,Y,N,N,N,Y,N,200.38 
Y,N,Y,Y,N,N,Y,N,Y,Y,N,229.64 
Y,N,Y,Y,N,Y,Y,N,N,N,N,231.39 
Y,N,Y,Y,N,Y,Y,N,Y,N,N,228.27 
Y,N,Y,Y,N,Y,Y,N,N,Y,N,231.25 
Y,N,Y,Y,N,Y,Y,N,Y,Y,N,230.77 
Y,N,Y,Y,N,N,Y,Y,N,N,N,232.76 
Y,N,Y,Y,N,N,Y,Y,N,Y,N,227.19 
Y,N,Y,Y,N,Y,Y,Y,N,N,N,229.12 
Y,N,Y,Y,N,Y,Y,Y,N,Y,N,228.86 
Y,N,Y,Y,N,N,Y,Y,Y,N,N,230.69 
Y,N,N,N,N,Y,Y,N,Y,N,N,201.83 
Y,N,Y,Y,N,Y,Y,Y,Y,N,N,230.94 
Y,N,Y,Y,N,N,Y,Y,Y,Y,N,232.29 
Y,N,Y,Y,N,Y,Y,Y,Y,Y,N,232.52 
Y,N,Y,N,Y,N,N,N,N,N,N,234.80 
Y,N,Y,N,Y,N,N,N,N,Y,N,217.93 
Y,N,Y,N,Y,N,Y,N,Y,N,N,219.40 
Y,N,Y,N,Y,N,Y,N,Y,Y,N,219.75 
Y,N,Y,N,Y,N,N,Y,N,N,N,221.78 
Y,N,Y,N,Y,N,Y,Y,Y,N,N,217.90 
Y,N,Y,N,Y,N,N,Y,N,Y,N,220.86 
Y,N,N,N,N,N,N,N,N,Y,N,210.34 
Y,N,N,N,N,Y,Y,N,Y,Y,N,203.53 
Y,N,Y,N,Y,N,Y,Y,Y,Y,N,219.91 
Y,N,Y,N,Y,N,Y,N,N,N,N,222.82 
Y,N,Y,N,Y,N,Y,N,N,Y,N,218.73 
Y,N,Y,N,Y,N,Y,Y,N,N,N,221.57 
Y,N,Y,N,Y,N,Y,Y,N,Y,N,219.63 
Y,N,Y,N,Y,N,Y,N,Y,N,N,221.62 
Y,N,Y,N,Y,N,Y,Y,Y,N,N,221.44 
Y,N,Y,N,Y,N,Y,N,Y,Y,N,222.37 
Y,N,Y,N,Y,N,Y,Y,Y,Y,N,223.42 
Y,N,Y,Y,Y,N,N,N,N,N,N,224.33 
Y,N,N,N,N,Y,Y,N,N,N,N,205.21 
Y,N,Y,Y,Y,N,N,N,N,Y,N,225.34 
Y,N,Y,Y,Y,N,Y,N,Y,N,N,227.75 
Y,N,Y,Y,Y,N,Y,N,Y,Y,N,228.26 
Y,N,Y,Y,Y,N,Y,N,N,N,N,230.80 
Y,N,Y,Y,Y,N,Y,N,Y,N,N,227.73 
Y,N,Y,Y,Y,N,Y,N,N,Y,N,230.57 
Y,N,Y,Y,Y,N,Y,N,Y,Y,N,230.14 
Y,N,Y,Y,Y,N,N,Y,N,N,N,232.14 
Y,N,Y,Y,Y,N,N,Y,N,Y,N,225.80 
Y,N,Y,Y,Y,N,Y,Y,N,N,N,227.53 
Y,N,N,N,N,Y,Y,N,Y,N,N,202.63 
Y,N,Y,Y,Y,N,Y,Y,N,Y,N,227.99 
Y,N,Y,Y,Y,N,Y,Y,Y,N,N,229.95 
Y,N,Y,Y,Y,N,Y,Y,Y,N,N,229.56 
Y,N,Y,Y,Y,N,Y,Y,Y,Y,N,231.69 
Y,N,Y,Y,Y,N,Y,Y,Y,Y,N,231.21 
Y,N,Y,N,Y,Y,N,N,N,N,N,233.28 
Y,N,Y,N,Y,Y,N,N,N,Y,N,218.12 
Y,N,Y,N,Y,Y,Y,N,Y,N,N,220.37 
Y,N,Y,N,Y,Y,Y,N,Y,Y,N,220.80 
Y,N,Y,N,Y,Y,N,Y,N,N,N,222.90 
Y,N,N,N,N,Y,Y,N,N,Y,N,205.36 
Y,N,Y,N,Y,Y,Y,Y,Y,N,N,219.77 
Y,N,Y,N,Y,Y,N,Y,N,Y,N,221.86 
Y,N,Y,N,Y,Y,Y,Y,Y,Y,N,220.98 
Y,N,Y,Y,Y,Y,N,N,N,N,N,223.77 
Y,N,Y,Y,Y,Y,N,N,N,Y,N,226.75 
Y,N,Y,Y,Y,Y,N,Y,N,N,N,229.30 
Y,N,Y,Y,Y,Y,N,Y,N,Y,N,227.29 
Y,N,Y,Y,Y,Y,Y,N,Y,N,N,228.97 
Y,N,Y,Y,Y,Y,Y,Y,Y,N,N,229.68 
Y,N,Y,Y,Y,Y,Y,N,Y,Y,N,230.82 
Y,N,N,N,N,Y,Y,N,Y,Y,N,203.98 
Y,N,Y,Y,Y,Y,Y,Y,Y,Y,N,231.20 
Y,N,Y,N,Y,Y,Y,N,N,N,N,232.66 
Y,N,Y,N,Y,Y,Y,N,N,Y,N,219.87 
Y,N,Y,N,Y,Y,Y,N,Y,N,N,222.16 
Y,N,Y,N,Y,Y,Y,N,Y,Y,N,222.56 
Y,N,Y,Y,Y,Y,Y,N,N,N,N,224.51 
Y,N,Y,Y,Y,Y,Y,N,Y,N,N,229.21 
Y,N,Y,Y,Y,Y,Y,N,N,Y,N,231.77 
Y,N,Y,Y,Y,Y,Y,N,Y,Y,N,231.33 
Y,N,Y,N,Y,Y,Y,Y,N,N,N,233.28 
Y,N,N,N,N,Y,N,Y,N,N,N,207.12 
Y,N,Y,N,Y,Y,Y,Y,N,Y,N,220.82 
Y,N,Y,Y,Y,Y,Y,Y,N,N,N,222.63 
Y,N,Y,Y,Y,Y,Y,Y,N,Y,N,229.55 
Y,N,Y,N,Y,Y,Y,Y,Y,N,N,231.16 
Y,N,Y,Y,Y,Y,Y,Y,Y,N,N,223.52 
Y,N,Y,N,Y,Y,Y,Y,Y,Y,N,232.96 
Y,N,Y,Y,Y,Y,Y,Y,Y,Y,N,225.16 
Y,Y,N,N,N,N,N,N,N,N,N,234.68 
Y,Y,N,N,N,N,N,N,N,Y,N,219.15 
Y,Y,N,N,N,N,Y,N,Y,N,N,224.43 
Y,N,N,N,N,Y,N,Y,N,Y,N,201.47 
Y,Y,N,N,N,N,Y,N,Y,Y,N,223.68 
Y,Y,N,N,N,N,N,Y,N,N,N,227.85 
Y,Y,N,N,N,N,Y,Y,Y,N,N,221.33 
Y,Y,N,N,N,N,N,Y,N,Y,N,224.73 
Y,Y,N,N,N,N,Y,Y,Y,Y,N,225.62 
Y,Y,N,N,N,N,Y,N,N,N,N,229.17 
Y,Y,N,N,N,N,Y,N,N,Y,N,221.25 
Y,Y,N,N,N,N,Y,Y,N,N,N,226.50 
Y,Y,N,N,N,N,Y,Y,N,Y,N,223.49 
Y,Y,N,N,N,N,Y,N,Y,N,N,227.78 
Y,N,N,N,N,Y,Y,Y,N,N,N,203.19 
Y,Y,N,N,N,N,Y,Y,Y,N,N,225.50 
Y,Y,N,N,N,N,Y,N,Y,Y,N,226.57 
Y,Y,N,N,N,N,Y,Y,Y,Y,N,229.79 
Y,Y,N,N,N,Y,N,N,N,N,N,230.74 
Y,Y,N,N,N,Y,N,N,N,Y,N,222.24 
Y,Y,N,N,N,Y,Y,N,Y,N,N,227.39 
Y,Y,N,N,N,Y,Y,N,Y,Y,N,225.41 
Y,Y,N,N,N,Y,Y,N,N,N,N,229.68 
Y,Y,N,N,N,Y,Y,N,Y,N,N,224.34 
Y,Y,N,N,N,Y,Y,N,N,Y,N,227.18 
Y,N,N,N,N,Y,Y,Y,N,Y,N,203.19 
Y,Y,N,N,N,Y,Y,N,Y,Y,N,229.24 
Y,Y,N,N,N,Y,N,Y,N,N,N,231.34 
Y,Y,N,N,N,Y,N,Y,N,Y,N,223.21 
Y,Y,N,N,N,Y,Y,Y,N,N,N,227.44 
Y,Y,N,N,N,Y,Y,Y,N,Y,N,225.26 
Y,Y,N,N,N,Y,Y,Y,Y,N,N,229.31 
Y,Y,N,N,N,Y,Y,Y,Y,N,N,226.58 
Y,Y,N,N,N,Y,Y,Y,Y,Y,N,228.34 
Y,Y,N,N,N,Y,Y,Y,Y,Y,N,230.65 
Y,Y,N,N,Y,N,N,N,N,N,N,232.20 
Y,N,N,N,N,Y,Y,Y,Y,N,N,204.96 
Y,Y,N,N,Y,N,N,N,N,Y,N,221.61 
Y,Y,N,N,Y,N,Y,N,Y,N,N,226.70 
Y,Y,N,N,Y,N,Y,N,Y,Y,N,224.53 
Y,Y,N,N,Y,N,N,Y,N,N,N,228.94 
Y,Y,N,N,Y,N,Y,Y,Y,N,N,222.56 
Y,Y,N,N,Y,N,N,Y,N,Y,N,225.69 
Y,Y,N,N,Y,N,Y,Y,Y,Y,N,226.65 
Y,Y,N,N,Y,Y,N,N,N,N,N,229.86 
Y,Y,N,N,Y,Y,N,N,N,Y,N,223.13 
Y,Y,N,N,Y,Y,N,Y,N,N,N,227.94 
Y,N,N,N,N,N,Y,N,Y,N,N,201.15 
Y,N,N,N,N,Y,Y,Y,Y,N,N,204.73 
Y,Y,N,N,Y,Y,N,Y,N,Y,N,223.98 
Y,Y,N,N,Y,Y,Y,N,Y,N,N,227.91 
Y,Y,N,N,Y,Y,Y,Y,Y,N,N,226.87 
Y,Y,N,N,Y,Y,Y,N,Y,Y,N,227.27 
Y,Y,N,N,Y,Y,Y,Y,Y,Y,N,230.31 
Y,Y,N,N,Y,N,Y,N,N,N,N,231.19 
Y,Y,N,N,Y,N,Y,N,N,Y,N,223.34 
Y,Y,N,N,Y,N,Y,N,Y,N,N,228.28 
Y,Y,N,N,Y,N,Y,N,Y,Y,N,226.13 
Y,Y,N,N,Y,Y,Y,N,N,N,N,230.59 
Y,N,N,N,N,Y,Y,Y,Y,Y,N,206.43 
Y,Y,N,N,Y,Y,Y,N,Y,N,N,224.88 
Y,Y,N,N,Y,Y,Y,N,N,Y,N,227.64 
Y,Y,N,N,Y,Y,Y,N,Y,Y,N,229.82 
Y,Y,N,N,Y,N,Y,Y,N,N,N,231.80 
Y,Y,N,N,Y,N,Y,Y,N,Y,N,224.30 
Y,Y,N,N,Y,Y,Y,Y,N,N,N,228.56 
Y,Y,N,N,Y,Y,Y,Y,N,Y,N,225.77 
Y,Y,N,N,Y,N,Y,Y,Y,N,N,230.13 
Y,Y,N,N,Y,Y,Y,Y,Y,N,N,227.12 
Y,Y,N,N,Y,N,Y,Y,Y,Y,N,228.72 
Y,N,N,N,N,Y,Y,Y,Y,Y,N,206.35 
Y,Y,N,N,Y,Y,Y,Y,Y,Y,N,231.31 
Y,Y,Y,N,N,N,N,N,N,N,N,232.70 
Y,Y,Y,N,N,N,N,N,N,Y,N,234.87 
Y,Y,Y,N,N,N,Y,N,Y,N,N,240.16 
Y,Y,Y,N,N,N,Y,N,Y,Y,N,238.78 
Y,Y,Y,N,N,N,N,Y,N,N,N,242.92 
Y,Y,Y,N,N,N,Y,Y,Y,N,N,236.89 
Y,Y,Y,N,N,N,N,Y,N,Y,N,239.66 
Y,Y,Y,N,N,N,Y,Y,Y,Y,N,241.70 
Y,Y,Y,N,N,N,Y,N,N,N,N,244.50 
Y,N,N,N,Y,N,N,N,N,N,N,208.47 
Y,Y,Y,N,N,N,Y,N,N,Y,N,237.75 
Y,Y,Y,N,N,N,Y,Y,N,N,N,242.79 
Y,Y,Y,N,N,N,Y,Y,N,Y,N,239.27 
Y,Y,Y,N,N,N,Y,N,Y,N,N,243.37 
Y,Y,Y,N,N,N,Y,Y,Y,N,N,241.17 
Y,Y,Y,N,N,N,Y,N,Y,Y,N,241.97 
Y,Y,Y,N,N,N,Y,Y,Y,Y,N,245.16 
Y,Y,Y,N,Y,N,N,N,N,N,N,245.94 
Y,Y,Y,N,Y,N,N,N,N,Y,N,238.97 
Y,Y,Y,N,Y,N,Y,N,Y,N,N,242.81 
Y,N,N,N,Y,N,N,N,N,Y,N,199.68 
Y,Y,Y,N,Y,N,Y,N,Y,Y,N,240.22 
Y,Y,Y,N,Y,N,Y,N,N,N,N,244.49 
Y,Y,Y,N,Y,N,Y,N,Y,N,N,239.93 
Y,Y,Y,N,Y,N,Y,N,N,Y,N,242.87 
Y,Y,Y,N,Y,N,Y,N,Y,Y,N,244.59 
Y,Y,Y,N,Y,N,N,Y,N,N,N,246.27 
Y,Y,Y,N,Y,N,N,Y,N,Y,N,238.70 
Y,Y,Y,N,Y,N,Y,Y,N,N,N,242.56 
Y,Y,Y,N,Y,N,Y,Y,N,Y,N,240.41 
Y,Y,Y,N,Y,N,Y,Y,Y,N,N,244.26 
Y,N,N,N,Y,N,Y,N,Y,N,N,201.55 
Y,Y,Y,N,Y,N,Y,Y,Y,N,N,241.33 
Y,Y,Y,N,Y,N,Y,Y,Y,Y,N,242.86 
Y,Y,Y,N,Y,N,Y,Y,Y,Y,N,245.22 
Y,Y,Y,N,N,Y,N,N,N,N,N,246.76 
Y,Y,Y,N,N,Y,N,N,N,Y,N,238.73 
Y,Y,Y,N,N,Y,Y,N,Y,N,N,243.52 
Y,Y,Y,N,N,Y,Y,N,Y,Y,N,240.98 
Y,Y,Y,N,N,Y,N,Y,N,N,N,244.73 
Y,Y,Y,N,N,Y,Y,Y,Y,N,N,239.37 
Y,Y,Y,N,N,Y,N,Y,N,Y,N,241.70 
Y,N,N,N,Y,N,Y,N,Y,Y,N,202.93 
Y,Y,Y,N,N,Y,Y,Y,Y,Y,N,243.12 
Y,Y,Y,N,Y,Y,N,N,N,N,N,245.76 
Y,Y,Y,N,Y,Y,N,N,N,Y,N,239.56 
Y,Y,Y,N,Y,Y,N,Y,N,N,N,244.28 
Y,Y,Y,N,Y,Y,N,Y,N,Y,N,240.21 
Y,Y,Y,N,Y,Y,Y,N,Y,N,N,243.96 
Y,Y,Y,N,Y,Y,Y,Y,Y,N,N,241.83 
Y,Y,Y,N,Y,Y,Y,N,Y,Y,N,242.74 
Y,Y,Y,N,Y,Y,Y,Y,Y,Y,N,245.70 
Y,Y,Y,N,N,Y,Y,N,N,N,N,246.48 
Y,N,N,N,Y,N,N,Y,N,N,N,204.69 
Y,Y,Y,N,N,Y,Y,N,N,Y,N,240.34 
Y,Y,Y,N,N,Y,Y,N,Y,N,N,245.20 
Y,Y,Y,N,N,Y,Y,N,Y,Y,N,242.43 
Y,Y,Y,N,Y,Y,Y,N,N,N,N,246.50 
Y,Y,Y,N,Y,Y,Y,N,Y,N,N,241.23 
Y,Y,Y,N,Y,Y,Y,N,N,Y,N,243.26 
Y,Y,Y,N,Y,Y,Y,N,Y,Y,N,246.16 
Y,Y,Y,N,N,Y,Y,Y,N,N,N,247.28 
Y,Y,Y,N,N,Y,Y,Y,N,Y,N,240.98 
Y,Y,Y,N,Y,Y,Y,Y,N,N,N,244.61 
Y,N,N,N,Y,N,Y,Y,Y,N,N,200.82 
Y,Y,Y,N,Y,Y,Y,Y,N,Y,N,241.78 
Y,Y,Y,N,N,Y,Y,Y,Y,N,N,245.60 
Y,Y,Y,N,Y,Y,Y,Y,Y,N,N,243.44 
Y,Y,Y,N,N,Y,Y,Y,Y,Y,N,244.23 
Y,Y,Y,N,Y,Y,Y,Y,Y,Y,N,247.17 
Y,Y,N,Y,N,N,N,N,N,N,N,248.17 
Y,Y,N,Y,N,N,N,N,N,Y,N,230.17 
Y,Y,N,Y,N,N,Y,N,Y,N,N,236.24 
Y,Y,N,Y,N,N,Y,N,Y,Y,N,233.67 
Y,Y,N,Y,N,N,N,Y,N,N,N,238.62 
Y,N,N,N,Y,N,N,Y,N,Y,N,204.50 
Y,Y,N,Y,N,N,Y,Y,Y,N,N,231.37 
Y,Y,N,Y,N,N,N,Y,N,Y,N,235.17 
Y,Y,N,Y,N,N,Y,Y,Y,Y,N,235.92 
Y,Y,N,Y,N,N,Y,N,N,N,N,239.98 
Y,Y,N,Y,N,N,Y,N,N,Y,N,232.86 
Y,Y,N,Y,N,N,Y,Y,N,N,N,238.78 
Y,Y,N,Y,N,N,Y,Y,N,Y,N,233.43 
Y,Y,N,Y,N,N,Y,N,Y,N,N,238.25 
Y,Y,N,Y,N,N,Y,Y,Y,N,N,235.97 
Y,Y,N,Y,N,N,Y,N,Y,Y,N,237.44 
Y,N,N,N,N,N,Y,N,Y,Y,N,202.23 
Y,N,N,N,Y,N,Y,Y,Y,Y,N,202.69 
Y,Y,N,Y,N,N,Y,Y,Y,Y,N,240.99 
Y,Y,N,Y,N,Y,N,N,N,N,N,242.16 
Y,Y,N,Y,N,Y,N,N,N,Y,N,232.33 
Y,Y,N,Y,N,Y,Y,N,Y,N,N,238.25 
Y,Y,N,Y,N,Y,Y,N,Y,Y,N,235.35 
Y,Y,N,Y,N,Y,Y,N,N,N,N,240.23 
Y,Y,N,Y,N,Y,Y,N,Y,N,N,234.65 
Y,Y,N,Y,N,Y,Y,N,N,Y,N,237.87 
Y,Y,N,Y,N,Y,Y,N,Y,Y,N,240.99 
Y,Y,N,Y,N,Y,N,Y,N,N,N,242.55 
Y,N,N,N,Y,Y,N,N,N,N,N,205.95 
Y,Y,N,Y,N,Y,N,Y,N,Y,N,232.96 
Y,Y,N,Y,N,Y,Y,Y,N,N,N,237.69 
Y,Y,N,Y,N,Y,Y,Y,N,Y,N,235.53 
Y,Y,N,Y,N,Y,Y,Y,Y,N,N,240.50 
Y,Y,N,Y,N,Y,Y,Y,Y,N,N,237.37 
Y,Y,N,Y,N,Y,Y,Y,Y,Y,N,239.32 
Y,Y,N,Y,N,Y,Y,Y,Y,Y,N,241.57 
Y,Y,Y,Y,N,N,N,N,N,N,N,244.30 
Y,Y,Y,Y,N,N,N,N,N,Y,N,244.91 
Y,Y,Y,Y,N,N,Y,N,Y,N,N,251.58 
Y,N,N,N,Y,Y,N,N,N,Y,N,200.92 
Y,Y,Y,Y,N,N,Y,N,Y,Y,N,247.50 
Y,Y,Y,Y,N,N,N,Y,N,N,N,253.53 
Y,Y,Y,Y,N,N,Y,Y,Y,N,N,245.32 
Y,Y,Y,Y,N,N,N,Y,N,Y,N,248.97 
Y,Y,Y,Y,N,N,Y,Y,Y,Y,N,250.62 
Y,Y,Y,Y,N,Y,N,N,N,N,N,253.96 
Y,Y,Y,Y,N,Y,N,N,N,Y,N,246.94 
Y,Y,Y,Y,N,Y,N,Y,N,N,N,253.26 
Y,Y,Y,Y,N,Y,N,Y,N,Y,N,247.27 
Y,Y,Y,Y,N,Y,Y,N,Y,N,N,252.14 
Y,N,N,N,Y,Y,N,Y,N,N,N,202.94 
Y,Y,Y,Y,N,Y,Y,Y,Y,N,N,249.57 
Y,Y,Y,Y,N,Y,Y,N,Y,Y,N,250.68 
Y,Y,Y,Y,N,Y,Y,Y,Y,Y,N,254.26 
Y,Y,Y,Y,N,N,Y,N,N,N,N,255.47 
Y,Y,Y,Y,N,N,Y,N,N,Y,N,247.77 
Y,Y,Y,Y,N,N,Y,N,Y,N,N,253.64 
Y,Y,Y,Y,N,N,Y,N,Y,Y,N,249.81 
Y,Y,Y,Y,N,Y,Y,N,N,N,N,255.23 
Y,Y,Y,Y,N,Y,Y,N,Y,N,N,249.12 
Y,Y,Y,Y,N,Y,Y,N,N,Y,N,251.52 
Y,N,N,N,Y,Y,N,Y,N,Y,N,201.97 
Y,Y,Y,Y,N,Y,Y,N,Y,Y,N,255.47 
Y,Y,Y,Y,N,N,Y,Y,N,N,N,256.45 
Y,Y,Y,Y,N,N,Y,Y,N,Y,N,247.72 
Y,Y,Y,Y,N,Y,Y,Y,N,N,N,252.68 
Y,Y,Y,Y,N,Y,Y,Y,N,Y,N,249.34 
Y,Y,Y,Y,N,N,Y,Y,Y,N,N,254.14 
Y,Y,Y,Y,N,Y,Y,Y,Y,N,N,251.00 
Y,Y,Y,Y,N,N,Y,Y,Y,Y,N,252.58 
Y,Y,Y,Y,N,Y,Y,Y,Y,Y,N,256.18 
Y,Y,N,Y,Y,N,N,N,N,N,N,257.51 
Y,N,N,N,Y,Y,Y,N,Y,N,N,203.93 
Y,Y,N,Y,Y,N,N,N,N,Y,N,231.33 
Y,Y,N,Y,Y,N,Y,N,Y,N,N,237.50 
Y,Y,N,Y,Y,N,Y,N,Y,Y,N,234.55 
Y,Y,N,Y,Y,N,N,Y,N,N,N,239.56 
Y,Y,N,Y,Y,N,Y,Y,Y,N,N,231.91 
Y,Y,N,Y,Y,N,N,Y,N,Y,N,235.97 
Y,Y,N,Y,Y,N,Y,Y,Y,Y,N,236.84 
Y,Y,N,Y,Y,N,Y,N,N,N,N,240.83 
Y,Y,N,Y,Y,N,Y,N,N,Y,N,234.25 
Y,Y,N,Y,Y,N,Y,Y,N,N,N,240.62 
Y,N,N,N,Y,Y,Y,Y,Y,N,N,204.29 
Y,Y,N,Y,Y,N,Y,Y,N,Y,N,235.30 
Y,Y,N,Y,Y,N,Y,N,Y,N,N,239.79 
Y,Y,N,Y,Y,N,Y,Y,Y,N,N,237.52 
Y,Y,N,Y,Y,N,Y,N,Y,Y,N,239.60 
Y,Y,N,Y,Y,N,Y,Y,Y,Y,N,242.50 
Y,Y,Y,Y,Y,N,N,N,N,N,N,243.78 
Y,Y,Y,Y,Y,N,N,N,N,Y,N,246.73 
Y,Y,Y,Y,Y,N,Y,N,Y,N,N,253.15 
Y,Y,Y,Y,Y,N,Y,N,Y,Y,N,249.39 
Y,Y,Y,Y,Y,N,Y,N,N,N,N,254.34 
Y,N,N,N,Y,Y,Y,N,Y,Y,N,205.47 
Y,Y,Y,Y,Y,N,Y,N,Y,N,N,248.89 
Y,Y,Y,Y,Y,N,Y,N,N,Y,N,251.41 
Y,Y,Y,Y,Y,N,Y,N,Y,Y,N,255.39 
Y,Y,Y,Y,Y,N,N,Y,N,N,N,256.47 
Y,Y,Y,Y,Y,N,N,Y,N,Y,N,247.80 
Y,Y,Y,Y,Y,N,Y,Y,N,N,N,252.60 
Y,Y,Y,Y,Y,N,Y,Y,N,Y,N,249.28 
Y,Y,Y,Y,Y,N,Y,Y,Y,N,N,254.13 
Y,Y,Y,Y,Y,N,Y,Y,Y,N,N,250.49 
Y,Y,Y,Y,Y,N,Y,Y,Y,Y,N,252.51 
Y,N,N,N,Y,Y,Y,Y,Y,Y,N,206.23 
Y,Y,Y,Y,Y,N,Y,Y,Y,Y,N,255.36 
Y,Y,N,Y,Y,Y,N,N,N,N,N,257.54 
Y,Y,N,Y,Y,Y,N,N,N,Y,N,233.74 
Y,Y,N,Y,Y,Y,Y,N,Y,N,N,240.73 
Y,Y,N,Y,Y,Y,Y,N,Y,Y,N,236.95 
Y,Y,N,Y,Y,Y,N,Y,N,N,N,241.90 
Y,Y,N,Y,Y,Y,Y,Y,Y,N,N,234.34 
Y,Y,N,Y,Y,Y,N,Y,N,Y,N,238.46 
Y,Y,N,Y,Y,Y,Y,Y,Y,Y,N,239.24 
Y,Y,Y,Y,Y,Y,N,N,N,N,N,243.28 
Y,N,N,N,Y,N,Y,N,N,N,N,207.23 
Y,Y,Y,Y,Y,Y,N,N,N,Y,N,248.54 
Y,Y,Y,Y,Y,Y,N,Y,N,N,N,254.89 
Y,Y,Y,Y,Y,Y,N,Y,N,Y,N,248.81 
Y,Y,Y,Y,Y,Y,Y,N,Y,N,N,253.65 
Y,Y,Y,Y,Y,Y,Y,Y,Y,N,N,251.13 
Y,Y,Y,Y,Y,Y,Y,N,Y,Y,N,252.14 
Y,Y,Y,Y,Y,Y,Y,Y,Y,Y,N,255.87 
Y,Y,N,Y,Y,Y,Y,N,N,N,N,256.97 
Y,Y,N,Y,Y,Y,Y,N,N,Y,N,236.23 
Y,Y,N,Y,Y,Y,Y,N,Y,N,N,242.46 
Y,N,N,N,N,N,N,Y,N,N,N,204.53 
Y,N,N,N,Y,N,Y,N,N,Y,N,201.70 
Y,Y,N,Y,Y,Y,Y,N,Y,Y,N,239.51 
Y,Y,Y,Y,Y,Y,Y,N,N,N,N,244.25 
Y,Y,Y,Y,Y,Y,Y,N,Y,N,N,250.73 
Y,Y,Y,Y,Y,Y,Y,N,N,Y,N,253.10 
Y,Y,Y,Y,Y,Y,Y,N,Y,Y,N,257.17 
Y,Y,N,Y,Y,Y,Y,Y,N,N,N,258.50 
Y,Y,N,Y,Y,Y,Y,Y,N,Y,N,236.89 
Y,Y,Y,Y,Y,Y,Y,Y,N,N,N,241.69 
Y,Y,Y,Y,Y,Y,Y,Y,N,Y,N,250.86 
Y,Y,N,Y,Y,Y,Y,Y,Y,N,N,255.62 
Y,N,N,N,Y,N,Y,N,Y,N,N,203.56 
Y,Y,Y,Y,Y,Y,Y,Y,Y,N,N,240.54 
Y,Y,N,Y,Y,Y,Y,Y,Y,Y,N,254.24 
Y,Y,Y,Y,Y,Y,Y,Y,Y,Y,N,245.34 
Y,N,N,N,N,N,N,N,N,N,Y,258.83 
Y,N,N,N,N,N,N,N,N,Y,Y,212.45 
Y,N,N,N,N,N,Y,N,Y,N,Y,213.27 
Y,N,N,N,N,N,Y,N,Y,Y,Y,215.61 
Y,N,N,N,N,N,N,Y,N,N,Y,216.64 
Y,N,N,N,N,N,Y,Y,Y,N,Y,213.53 
Y,N,N,N,N,N,N,Y,N,Y,Y,216.59 
Y,N,N,N,Y,N,Y,N,Y,Y,N,205.87 
Y,N,N,N,N,N,Y,Y,Y,Y,Y,214.33 
Y,N,N,N,N,N,Y,N,N,N,Y,217.40 
Y,N,N,N,N,N,Y,N,N,Y,Y,214.37 
Y,N,N,N,N,N,Y,Y,N,N,Y,215.13 
Y,N,N,N,N,N,Y,Y,N,Y,Y,215.29 
Y,N,N,N,N,N,Y,N,Y,N,Y,216.22 
Y,N,N,N,N,N,Y,Y,Y,N,Y,217.55 
Y,N,N,N,N,N,Y,N,Y,Y,Y,218.43 
Y,N,N,N,N,N,Y,Y,Y,Y,Y,218.40 
Y,N,N,N,N,Y,N,N,N,N,Y,219.50 
Y,N,N,N,Y,Y,Y,N,N,N,N,206.62 
Y,N,N,N,N,Y,N,N,N,Y,Y,213.48 
Y,N,N,N,N,Y,Y,N,Y,N,Y,214.28 
Y,N,N,N,N,Y,Y,N,Y,Y,Y,216.72 
Y,N,N,N,N,Y,Y,N,N,N,Y,217.68 
Y,N,N,N,N,Y,Y,N,Y,N,Y,215.19 
Y,N,N,N,N,Y,Y,N,N,Y,Y,218.30 
Y,N,N,N,N,Y,Y,N,Y,Y,Y,216.23 
Y,N,N,N,N,Y,N,Y,N,N,Y,219.31 
Y,N,N,N,N,Y,N,Y,N,Y,Y,214.65 
Y,N,N,N,N,Y,Y,Y,N,N,Y,215.48 
Y,N,N,N,Y,Y,Y,N,Y,N,N,202.81 
Y,N,N,N,N,Y,Y,Y,N,Y,Y,216.27 
Y,N,N,N,N,Y,Y,Y,Y,N,Y,217.73 
Y,N,N,N,N,Y,Y,Y,Y,N,Y,217.65 
Y,N,N,N,N,Y,Y,Y,Y,Y,Y,219.37 
Y,N,N,N,N,Y,Y,Y,Y,Y,Y,218.59 
Y,N,N,N,Y,N,N,N,N,N,Y,220.80 
Y,N,N,N,Y,N,N,N,N,Y,Y,212.92 
Y,N,N,N,Y,N,Y,N,Y,N,Y,213.86 
Y,N,N,N,Y,N,Y,N,Y,Y,Y,215.99 
Y,N,N,N,Y,N,N,Y,N,N,Y,217.63 
Y,N,N,N,Y,Y,Y,N,N,Y,N,206.12 
Y,N,N,N,Y,N,Y,Y,Y,N,Y,214.00 
Y,N,N,N,Y,N,N,Y,N,Y,Y,217.19 
Y,N,N,N,Y,N,Y,Y,Y,Y,Y,215.27 
Y,N,N,N,Y,Y,N,N,N,N,Y,218.73 
Y,N,N,N,Y,Y,N,N,N,Y,Y,214.24 
Y,N,N,N,Y,Y,N,Y,N,N,Y,215.20 
Y,N,N,N,Y,Y,N,Y,N,Y,Y,215.18 
Y,N,N,N,Y,Y,Y,N,Y,N,Y,216.30 
Y,N,N,N,Y,Y,Y,Y,Y,N,Y,217.40 
Y,N,N,N,Y,Y,Y,N,Y,Y,Y,218.40 
Y,N,N,N,Y,Y,Y,N,Y,Y,N,204.96 
Y,N,N,N,Y,Y,Y,Y,Y,Y,Y,218.50 
Y,N,N,N,Y,N,Y,N,N,N,Y,219.31 
Y,N,N,N,Y,N,Y,N,N,Y,Y,214.89 
Y,N,N,N,Y,N,Y,N,Y,N,Y,215.85 
Y,N,N,N,Y,N,Y,N,Y,Y,Y,218.20 
Y,N,N,N,Y,Y,Y,N,N,N,Y,218.96 
Y,N,N,N,Y,Y,Y,N,Y,N,Y,216.63 
Y,N,N,N,Y,Y,Y,N,N,Y,Y,219.77 
Y,N,N,N,Y,Y,Y,N,Y,Y,Y,216.87 
Y,N,N,N,Y,N,Y,Y,N,N,Y,219.83 
Y,N,N,N,Y,N,Y,Y,N,N,N,207.89 
Y,N,N,N,Y,N,Y,Y,N,Y,Y,215.96 
Y,N,N,N,Y,Y,Y,Y,N,N,Y,216.91 
Y,N,N,N,Y,Y,Y,Y,N,Y,Y,216.91 
Y,N,N,N,Y,N,Y,Y,Y,N,Y,218.37 
Y,N,N,N,Y,Y,Y,Y,Y,N,Y,219.50 
Y,N,N,N,Y,N,Y,Y,Y,Y,Y,219.87 
Y,N,N,N,Y,Y,Y,Y,Y,Y,Y,219.95 
Y,N,N,Y,N,N,N,N,N,N,Y,220.87 
Y,N,N,Y,N,N,N,N,N,Y,Y,241.78 
Y,N,N,Y,N,N,Y,N,Y,N,Y,243.79 
Y,N,N,N,Y,N,Y,Y,N,Y,N,202.68 
Y,N,N,Y,N,N,Y,N,Y,Y,Y,246.13 
Y,N,N,Y,N,N,N,Y,N,N,Y,246.96 
Y,N,N,Y,N,N,Y,Y,Y,N,Y,243.83 
Y,N,N,Y,N,N,N,Y,N,Y,Y,247.37 
Y,N,N,Y,N,N,Y,Y,Y,Y,Y,244.12 
Y,N,N,Y,N,N,Y,N,N,N,Y,248.20 
Y,N,N,Y,N,N,Y,N,N,Y,Y,256.94 
Y,N,N,Y,N,N,Y,Y,N,N,Y,259.39 
Y,N,N,Y,N,N,Y,Y,N,Y,Y,261.13 
Y,N,N,Y,N,N,Y,N,Y,N,Y,260.88 
Y,N,N,N,Y,Y,Y,Y,N,N,N,204.51 
Y,N,N,Y,N,N,Y,Y,Y,N,Y,264.18 
Y,N,N,Y,N,N,Y,N,Y,Y,Y,265.38 
Y,N,N,Y,N,N,Y,Y,Y,Y,Y,264.64 
Y,N,N,Y,Y,N,N,N,N,N,Y,266.32 
Y,N,N,Y,Y,N,N,N,N,Y,Y,255.44 
Y,N,N,Y,Y,N,Y,N,Y,N,Y,257.17 
Y,N,N,Y,Y,N,Y,N,Y,Y,Y,261.84 
Y,N,N,Y,Y,N,Y,N,N,N,Y,263.31 
Y,N,N,Y,Y,N,Y,N,Y,N,Y,257.71 
Y,N,N,Y,Y,N,Y,N,N,Y,Y,264.18 
Y,N,N,N,N,N,Y,Y,Y,N,N,199.95 
Y,N,N,N,Y,Y,Y,Y,N,Y,N,203.86 
Y,N,N,Y,Y,N,Y,N,Y,Y,Y,259.50 
Y,N,N,Y,Y,N,N,Y,N,N,Y,264.74 
Y,N,N,Y,Y,N,N,Y,N,Y,Y,257.68 
Y,N,N,Y,Y,N,Y,Y,N,N,Y,259.37 
Y,N,N,Y,Y,N,Y,Y,N,Y,Y,260.82 
Y,N,N,Y,Y,N,Y,Y,Y,N,Y,261.53 
Y,N,N,Y,Y,N,Y,Y,Y,N,Y,262.48 
Y,N,N,Y,Y,N,Y,Y,Y,Y,Y,265.65 
Y,N,N,Y,Y,N,Y,Y,Y,Y,Y,264.29 
Y,N,N,Y,N,Y,N,N,N,N,Y,266.19 
Y,N,N,N,Y,N,Y,Y,Y,N,N,205.74 
Y,N,N,Y,N,Y,N,N,N,Y,Y,256.60 
Y,N,N,Y,N,Y,Y,N,Y,N,Y,258.16 
Y,N,N,Y,N,Y,Y,N,Y,Y,Y,263.13 
Y,N,N,Y,N,Y,N,Y,N,N,Y,263.58 
Y,N,N,Y,N,Y,Y,Y,Y,N,Y,259.38 
Y,N,N,Y,N,Y,N,Y,N,Y,Y,263.75 
Y,N,N,Y,N,Y,Y,Y,Y,Y,Y,260.41 
Y,N,N,Y,Y,Y,N,N,N,N,Y,264.51 
Y,N,N,Y,Y,Y,N,N,N,Y,Y,257.43 
Y,N,N,Y,Y,Y,N,Y,N,N,Y,259.38 
Y,N,N,N,Y,Y,Y,Y,Y,N,N,205.71 
Y,N,N,Y,Y,Y,N,Y,N,Y,Y,260.77 
Y,N,N,Y,Y,Y,Y,N,Y,N,Y,261.43 
Y,N,N,Y,Y,Y,Y,Y,Y,N,Y,263.58 
Y,N,N,Y,Y,Y,Y,N,Y,Y,Y,263.78 
Y,N,N,Y,Y,Y,Y,Y,Y,Y,Y,264.40 
Y,N,N,Y,N,Y,Y,N,N,N,Y,265.69 
Y,N,N,Y,N,Y,Y,N,N,Y,Y,258.90 
Y,N,N,Y,N,Y,Y,N,Y,N,Y,261.77 
Y,N,N,Y,N,Y,Y,N,Y,Y,Y,265.40 
Y,N,N,Y,Y,Y,Y,N,N,N,Y,266.27 
Y,N,N,N,Y,N,Y,Y,Y,Y,N,207.10 
Y,N,N,Y,Y,Y,Y,N,Y,N,Y,259.69 
Y,N,N,Y,Y,Y,Y,N,N,Y,Y,266.12 
Y,N,N,Y,Y,Y,Y,N,Y,Y,Y,262.67 
Y,N,N,Y,N,Y,Y,Y,N,N,Y,267.17 
Y,N,N,Y,N,Y,Y,Y,N,Y,Y,261.90 
Y,N,N,Y,Y,Y,Y,Y,N,N,Y,263.43 
Y,N,N,Y,Y,Y,Y,Y,N,Y,Y,263.19 
Y,N,N,Y,N,Y,Y,Y,Y,N,Y,263.57 
Y,N,N,Y,Y,Y,Y,Y,Y,N,Y,266.39 
Y,N,N,Y,N,Y,Y,Y,Y,Y,Y,267.70 
Y,N,N,N,Y,Y,Y,Y,Y,Y,N,207.65 
Y,N,N,Y,Y,Y,Y,Y,Y,Y,Y,266.54 
Y,Y,N,N,N,N,N,N,N,N,Y,267.43 
Y,Y,N,N,N,N,N,N,N,Y,Y,228.30 
Y,Y,N,N,N,N,Y,N,Y,N,Y,232.62 
Y,Y,N,N,N,N,Y,N,Y,Y,Y,232.18 
Y,Y,N,N,N,N,N,Y,N,N,Y,236.21 
Y,Y,N,N,N,N,Y,Y,Y,N,Y,230.24 
Y,Y,N,N,N,N,N,Y,N,Y,Y,233.33 
Y,Y,N,N,N,N,Y,Y,Y,Y,Y,234.10 
Y,Y,N,N,N,N,Y,N,N,N,Y,237.13 
Y,N,N,Y,N,N,N,N,N,N,N,208.92 
Y,Y,N,N,N,N,Y,N,N,Y,Y,230.47 
Y,Y,N,N,N,N,Y,Y,N,N,Y,234.70 
Y,Y,N,N,N,N,Y,Y,N,Y,Y,232.27 
Y,Y,N,N,N,N,Y,N,Y,N,Y,235.73 
Y,Y,N,N,N,N,Y,Y,Y,N,Y,234.53 
Y,Y,N,N,N,N,Y,N,Y,Y,Y,235.12 
Y,Y,N,N,N,N,Y,Y,Y,Y,Y,237.90 
Y,Y,N,N,N,Y,N,N,N,N,Y,238.75 
Y,Y,N,N,N,Y,N,N,N,Y,Y,231.22 
Y,Y,N,N,N,Y,Y,N,Y,N,Y,235.51 
Y,N,N,Y,N,N,N,N,N,Y,N,207.75 
Y,Y,N,N,N,Y,Y,N,Y,Y,Y,234.67 
Y,Y,N,N,N,Y,Y,N,N,N,Y,237.89 
Y,Y,N,N,N,Y,Y,N,Y,N,Y,233.12 
Y,Y,N,N,N,Y,Y,N,N,Y,Y,235.70 
Y,Y,N,N,N,Y,Y,N,Y,Y,Y,237.51 
Y,Y,N,N,N,Y,N,Y,N,N,Y,239.59 
Y,Y,N,N,N,Y,N,Y,N,Y,Y,231.89 
Y,Y,N,N,N,Y,Y,Y,N,N,Y,235.85 
Y,Y,N,N,N,Y,Y,Y,N,Y,Y,233.79 
Y,Y,N,N,N,Y,Y,Y,Y,N,Y,237.47 
Y,N,N,Y,N,N,Y,N,Y,N,N,209.70 
Y,Y,N,N,N,Y,Y,Y,Y,N,Y,234.95 
Y,Y,N,N,N,Y,Y,Y,Y,Y,Y,236.59 
Y,Y,N,N,N,Y,Y,Y,Y,Y,Y,238.82 
Y,Y,N,Y,N,N,N,N,N,N,Y,240.35 
Y,Y,N,Y,N,N,N,N,N,Y,Y,243.93 
Y,Y,N,Y,N,N,Y,N,Y,N,Y,249.66 
Y,Y,N,Y,N,N,Y,N,Y,Y,Y,246.39 
Y,Y,N,Y,N,N,N,Y,N,N,Y,250.88 
Y,Y,N,Y,N,N,Y,Y,Y,N,Y,243.81 
Y,Y,N,Y,N,N,N,Y,N,Y,Y,247.63 
Y,N,N,Y,N,N,Y,N,Y,Y,N,211.39 
Y,Y,N,Y,N,N,Y,Y,Y,Y,Y,248.40 
Y,Y,N,Y,N,Y,N,N,N,N,Y,252.21 
Y,Y,N,Y,N,Y,N,N,N,Y,Y,245.79 
Y,Y,N,Y,N,Y,N,Y,N,N,Y,251.91 
Y,Y,N,Y,N,Y,N,Y,N,Y,Y,245.56 
Y,Y,N,Y,N,Y,Y,N,Y,N,Y,250.26 
Y,Y,N,Y,N,Y,Y,Y,Y,N,Y,248.70 
Y,Y,N,Y,N,Y,Y,N,Y,Y,Y,249.30 
Y,Y,N,Y,N,Y,Y,Y,Y,Y,Y,252.75 
Y,Y,N,Y,N,N,Y,N,N,N,Y,253.98 
Y,N,N,Y,N,N,N,Y,N,N,N,213.18 
Y,Y,N,Y,N,N,Y,N,N,Y,Y,246.38 
Y,Y,N,Y,N,N,Y,N,Y,N,Y,252.13 
Y,Y,N,Y,N,N,Y,N,Y,Y,Y,248.78 
Y,Y,N,Y,N,Y,Y,N,N,N,Y,253.39 
Y,Y,N,Y,N,Y,Y,N,Y,N,Y,248.60 
Y,Y,N,Y,N,Y,Y,N,N,Y,Y,250.44 
Y,Y,N,Y,N,Y,Y,N,Y,Y,Y,254.27 
Y,Y,N,Y,N,N,Y,Y,N,N,Y,255.17 
Y,Y,N,Y,N,N,Y,Y,N,Y,Y,246.87 
Y,Y,N,Y,N,Y,Y,Y,N,N,Y,250.57 
Y,N,N,N,N,N,N,Y,N,Y,N,203.18 
Y,N,N,Y,N,N,Y,Y,Y,N,N,208.37 
Y,Y,N,Y,N,Y,Y,Y,N,Y,Y,248.63 
Y,Y,N,Y,N,N,Y,Y,Y,N,Y,252.52 
Y,Y,N,Y,N,Y,Y,Y,Y,N,Y,250.40 
Y,Y,N,Y,N,N,Y,Y,Y,Y,Y,251.57 
Y,Y,N,Y,N,Y,Y,Y,Y,Y,Y,254.59 
Y,Y,N,N,Y,N,N,N,N,N,Y,256.22 
Y,Y,N,N,Y,N,N,N,N,Y,Y,230.79 
Y,Y,N,N,Y,N,Y,N,Y,N,Y,235.21 
Y,Y,N,N,Y,N,Y,N,Y,Y,Y,233.55 
Y,Y,N,N,Y,N,N,Y,N,N,Y,237.33 
Y,N,N,Y,N,N,N,Y,N,Y,N,212.94 
Y,Y,N,N,Y,N,Y,Y,Y,N,Y,231.44 
Y,Y,N,N,Y,N,N,Y,N,Y,Y,234.24 
Y,Y,N,N,Y,N,Y,Y,Y,Y,Y,235.31 
Y,Y,N,N,Y,N,Y,N,N,N,Y,238.20 
Y,Y,N,N,Y,N,Y,N,N,Y,Y,232.49 
Y,Y,N,N,Y,N,Y,Y,N,N,Y,237.63 
Y,Y,N,N,Y,N,Y,Y,N,Y,Y,233.12 
Y,Y,N,N,Y,N,Y,N,Y,N,Y,236.98 
Y,Y,N,N,Y,N,Y,Y,Y,N,Y,235.23 
Y,Y,N,N,Y,N,Y,N,Y,Y,Y,235.95 
Y,N,N,Y,N,N,Y,Y,Y,Y,N,210.24 
Y,Y,N,N,Y,N,Y,Y,Y,Y,Y,239.37 
Y,Y,N,Y,Y,N,N,N,N,N,Y,239.96 
Y,Y,N,Y,Y,N,N,N,N,Y,Y,245.21 
Y,Y,N,Y,Y,N,Y,N,Y,N,Y,251.90 
Y,Y,N,Y,Y,N,Y,N,Y,Y,Y,247.37 
Y,Y,N,Y,Y,N,Y,N,N,N,Y,252.43 
Y,Y,N,Y,Y,N,Y,N,Y,N,Y,247.79 
Y,Y,N,Y,Y,N,Y,N,N,Y,Y,249.68 
Y,Y,N,Y,Y,N,Y,N,Y,Y,Y,253.82 
Y,Y,N,Y,Y,N,N,Y,N,N,Y,254.39 
Y,N,N,Y,N,N,Y,N,N,N,N,214.72 
Y,Y,N,Y,Y,N,N,Y,N,Y,Y,244.85 
Y,Y,N,Y,Y,N,Y,Y,N,N,Y,249.56 
Y,Y,N,Y,Y,N,Y,Y,N,Y,Y,247.13 
Y,Y,N,Y,Y,N,Y,Y,Y,N,Y,252.37 
Y,Y,N,Y,Y,N,Y,Y,Y,N,Y,249.87 
Y,Y,N,Y,Y,N,Y,Y,Y,Y,Y,251.25 
Y,Y,N,Y,Y,N,Y,Y,Y,Y,Y,253.54 
Y,Y,N,N,Y,Y,N,N,N,N,Y,255.64 
Y,Y,N,N,Y,Y,N,N,N,Y,Y,232.22 
Y,Y,N,N,Y,Y,Y,N,Y,N,Y,236.64 
Y,N,N,Y,N,N,Y,N,N,Y,N,210.71 
Y,Y,N,N,Y,Y,Y,N,Y,Y,Y,234.77 
Y,Y,N,N,Y,Y,N,Y,N,N,Y,238.74 
Y,Y,N,N,Y,Y,Y,Y,Y,N,Y,232.64 
Y,Y,N,N,Y,Y,N,Y,N,Y,Y,235.57 
Y,Y,N,N,Y,Y,Y,Y,Y,Y,Y,236.58 
Y,Y,N,Y,Y,Y,N,N,N,N,Y,239.50 
Y,Y,N,Y,Y,Y,N,N,N,Y,Y,246.94 
Y,Y,N,Y,Y,Y,N,Y,N,N,Y,252.89 
Y,Y,N,Y,Y,Y,N,Y,N,Y,Y,246.50 
Y,Y,N,Y,Y,Y,Y,N,Y,N,Y,251.33 
Y,N,N,Y,N,N,Y,Y,N,N,N,212.52 
Y,Y,N,Y,Y,Y,Y,Y,Y,N,Y,249.47 
Y,Y,N,Y,Y,Y,Y,N,Y,Y,Y,250.23 
Y,Y,N,Y,Y,Y,Y,Y,Y,Y,Y,253.74 
Y,Y,N,N,Y,Y,Y,N,N,N,Y,255.12 
Y,Y,N,N,Y,Y,Y,N,N,Y,Y,234.53 
Y,Y,N,N,Y,Y,Y,N,Y,N,Y,238.56 
Y,Y,N,N,Y,Y,Y,N,Y,Y,Y,236.38 
Y,Y,N,Y,Y,Y,Y,N,N,N,Y,240.43 
Y,Y,N,Y,Y,Y,Y,N,Y,N,Y,249.62 
Y,Y,N,Y,Y,Y,Y,N,N,Y,Y,251.31 
Y,N,N,Y,N,N,Y,Y,N,Y,N,211.19 
Y,Y,N,Y,Y,Y,Y,N,Y,Y,Y,255.42 
Y,Y,N,N,Y,Y,Y,Y,N,N,Y,256.23 
Y,Y,N,N,Y,Y,Y,Y,N,Y,Y,234.45 
Y,Y,N,Y,Y,Y,Y,Y,N,N,Y,238.27 
Y,Y,N,Y,Y,Y,Y,Y,N,Y,Y,248.74 
Y,Y,N,N,Y,Y,Y,Y,Y,N,Y,253.47 
Y,Y,N,Y,Y,Y,Y,Y,Y,N,Y,237.35 
Y,Y,N,N,Y,Y,Y,Y,Y,Y,Y,252.62 
Y,Y,N,Y,Y,Y,Y,Y,Y,Y,Y,241.23 
Y,N,Y,N,N,N,N,N,N,N,Y,257.33 
Y,N,N,Y,N,N,Y,N,Y,N,N,212.94 
Y,N,Y,N,N,N,N,N,N,Y,Y,230.74 
Y,N,Y,N,N,N,Y,N,Y,N,Y,232.00 
Y,N,Y,N,N,N,Y,N,Y,Y,Y,233.45 
Y,N,Y,N,N,N,N,Y,N,N,Y,234.27 
Y,N,Y,N,N,N,Y,Y,Y,N,Y,231.00 
Y,N,Y,N,N,N,N,Y,N,Y,Y,233.66 
Y,N,Y,N,N,N,Y,Y,Y,Y,Y,232.47 
Y,N,Y,N,N,N,Y,N,N,N,Y,234.87 
Y,N,Y,N,N,N,Y,N,N,Y,Y,232.22 
Y,N,Y,N,N,N,Y,Y,N,N,Y,233.54 
Y,N,N,Y,N,N,Y,Y,Y,N,N,214.25 
Y,N,Y,N,N,N,Y,Y,N,Y,Y,232.65 
Y,N,Y,N,N,N,Y,N,Y,N,Y,233.85 
Y,N,Y,N,N,N,Y,Y,Y,N,Y,235.16 
Y,N,Y,N,N,N,Y,N,Y,Y,Y,236.60 
Y,N,Y,N,N,N,Y,Y,Y,Y,Y,236.36 
Y,N,Y,N,N,Y,N,N,N,N,Y,237.10 
Y,N,Y,N,N,Y,N,N,N,Y,Y,231.62 
Y,N,Y,N,N,Y,Y,N,Y,N,Y,232.64 
Y,N,Y,N,N,Y,Y,N,Y,Y,Y,233.43 
Y,N,Y,N,N,Y,Y,N,N,N,Y,234.42 
Y,N,N,Y,N,N,Y,N,Y,Y,N,215.85 
Y,N,Y,N,N,Y,Y,N,Y,N,Y,233.00 
Y,N,Y,N,N,Y,Y,N,N,Y,Y,234.87 
Y,N,Y,N,N,Y,Y,N,Y,Y,Y,234.22 
Y,N,Y,N,N,Y,N,Y,N,N,Y,235.85 
Y,N,Y,N,N,Y,N,Y,N,Y,Y,231.63 
Y,N,Y,N,N,Y,Y,Y,N,N,Y,232.59 
Y,N,Y,N,N,Y,Y,Y,N,Y,Y,232.99 
Y,N,Y,N,N,Y,Y,Y,Y,N,Y,234.25 
Y,N,Y,N,N,Y,Y,Y,Y,N,Y,235.73 
Y,N,Y,N,N,Y,Y,Y,Y,Y,Y,236.53 
Y,N,N,N,N,N,Y,Y,Y,Y,N,201.52 
Y,N,N,Y,N,N,Y,Y,Y,Y,N,215.88 
Y,N,Y,N,N,Y,Y,Y,Y,Y,Y,236.17 
Y,N,Y,N,Y,N,N,N,N,N,Y,237.70 
Y,N,Y,N,Y,N,N,N,N,Y,Y,231.32 
Y,N,Y,N,Y,N,Y,N,Y,N,Y,232.47 
Y,N,Y,N,Y,N,Y,N,Y,Y,Y,233.23 
Y,N,Y,N,Y,N,N,Y,N,N,Y,234.38 
Y,N,Y,N,Y,N,Y,Y,Y,N,Y,231.76 
Y,N,Y,N,Y,N,N,Y,N,Y,Y,234.61 
Y,N,Y,N,Y,N,Y,Y,Y,Y,Y,232.98 
Y,N,Y,N,Y,Y,N,N,N,N,Y,235.91 
Y,N,N,Y,Y,N,N,N,N,N,N,217.29 
Y,N,Y,N,Y,Y,N,N,N,Y,Y,233.33 
Y,N,Y,N,Y,Y,N,Y,N,N,Y,234.63 
Y,N,Y,N,Y,Y,N,Y,N,Y,Y,233.15 
Y,N,Y,N,Y,Y,Y,N,Y,N,Y,234.13 
Y,N,Y,N,Y,Y,Y,Y,Y,N,Y,234.92 
Y,N,Y,N,Y,Y,Y,N,Y,Y,Y,235.79 
Y,N,Y,N,Y,Y,Y,Y,Y,Y,Y,235.96 
Y,N,Y,N,Y,N,Y,N,N,N,Y,236.74 
Y,N,Y,N,Y,N,Y,N,N,Y,Y,233.42 
Y,N,Y,N,Y,N,Y,N,Y,N,Y,234.47 
Y,N,N,Y,Y,N,N,N,N,Y,N,208.99 
Y,N,Y,N,Y,N,Y,N,Y,Y,Y,235.37 
Y,N,Y,N,Y,Y,Y,N,N,N,Y,236.43 
Y,N,Y,N,Y,Y,Y,N,Y,N,Y,234.56 
Y,N,Y,N,Y,Y,Y,N,N,Y,Y,236.35 
Y,N,Y,N,Y,Y,Y,N,Y,Y,Y,235.78 
Y,N,Y,N,Y,N,Y,Y,N,N,Y,237.41 
Y,N,Y,N,Y,N,Y,Y,N,Y,Y,233.43 
Y,N,Y,N,Y,Y,Y,Y,N,N,Y,234.75 
Y,N,Y,N,Y,Y,Y,Y,N,Y,Y,234.65 
Y,N,Y,N,Y,N,Y,Y,Y,N,Y,235.79 
Y,N,N,Y,Y,N,Y,N,Y,N,N,211.27 
Y,N,Y,N,Y,Y,Y,Y,Y,N,Y,236.31 
Y,N,Y,N,Y,N,Y,Y,Y,Y,Y,237.23 
Y,N,Y,N,Y,Y,Y,Y,Y,Y,Y,237.36 
Y,Y,Y,N,N,N,N,N,N,N,Y,238.23 
Y,Y,Y,N,N,N,N,N,N,Y,Y,246.33 
Y,Y,Y,N,N,N,Y,N,Y,N,Y,249.99 
Y,Y,Y,N,N,N,Y,N,Y,Y,Y,248.69 
Y,Y,Y,N,N,N,N,Y,N,N,Y,252.18 
Y,Y,Y,N,N,N,Y,Y,Y,N,Y,246.81 
Y,Y,Y,N,N,N,N,Y,N,Y,Y,249.50 
Y,N,N,Y,Y,N,Y,N,Y,Y,N,212.93 
Y,Y,Y,N,N,N,Y,Y,Y,Y,Y,250.24 
Y,Y,Y,N,N,N,Y,N,N,N,Y,252.84 
Y,Y,Y,N,N,N,Y,N,N,Y,Y,247.69 
Y,Y,Y,N,N,N,Y,Y,N,N,Y,251.74 
Y,Y,Y,N,N,N,Y,Y,N,Y,Y,248.34 
Y,Y,Y,N,N,N,Y,N,Y,N,Y,251.71 
Y,Y,Y,N,N,N,Y,Y,Y,N,Y,250.50 
Y,Y,Y,N,N,N,Y,N,Y,Y,Y,250.87 
Y,Y,Y,N,N,N,Y,Y,Y,Y,Y,253.51 
Y,Y,Y,N,Y,N,N,N,N,N,Y,254.34 
Y,N,N,Y,Y,N,Y,N,N,N,N,214.34 
Y,Y,Y,N,Y,N,N,N,N,Y,Y,247.80 
Y,Y,Y,N,Y,N,Y,N,Y,N,Y,251.85 
Y,Y,Y,N,Y,N,Y,N,Y,Y,Y,249.58 
Y,Y,Y,N,Y,N,Y,N,N,N,Y,252.99 
Y,Y,Y,N,Y,N,Y,N,Y,N,Y,249.44 
Y,Y,Y,N,Y,N,Y,N,N,Y,Y,251.10 
Y,Y,Y,N,Y,N,Y,N,Y,Y,Y,253.49 
Y,Y,Y,N,Y,N,N,Y,N,N,Y,254.47 
Y,Y,Y,N,Y,N,N,Y,N,Y,Y,247.61 
Y,Y,Y,N,Y,N,Y,Y,N,N,Y,251.32 
Y,N,N,Y,Y,N,Y,N,Y,N,N,211.59 
Y,Y,Y,N,Y,N,Y,Y,N,Y,Y,249.41 
Y,Y,Y,N,Y,N,Y,Y,Y,N,Y,252.81 
Y,Y,Y,N,Y,N,Y,Y,Y,N,Y,250.28 
Y,Y,Y,N,Y,N,Y,Y,Y,Y,Y,251.79 
Y,Y,Y,N,Y,N,Y,Y,Y,Y,Y,254.42 
Y,Y,Y,N,N,Y,N,N,N,N,Y,255.21 
Y,Y,Y,N,N,Y,N,N,N,Y,Y,247.99 
Y,Y,Y,N,N,Y,Y,N,Y,N,Y,251.93 
Y,Y,Y,N,N,Y,Y,N,Y,Y,Y,249.72 
Y,Y,Y,N,N,Y,N,Y,N,N,Y,253.12 
Y,N,N,Y,Y,N,Y,N,N,Y,N,215.31 
Y,Y,Y,N,N,Y,Y,Y,Y,N,Y,248.63 
Y,Y,Y,N,N,Y,N,Y,N,Y,Y,250.34 
Y,Y,Y,N,N,Y,Y,Y,Y,Y,Y,251.43 
Y,Y,Y,N,Y,Y,N,N,N,N,Y,254.73 
Y,Y,Y,N,Y,Y,N,N,N,Y,Y,249.37 
Y,Y,Y,N,Y,Y,N,Y,N,N,Y,252.82 
Y,Y,Y,N,Y,Y,N,Y,N,Y,Y,248.90 
Y,Y,Y,N,Y,Y,Y,N,Y,N,Y,252.28 
Y,Y,Y,N,Y,Y,Y,Y,Y,N,Y,250.53 
Y,Y,Y,N,Y,Y,Y,N,Y,Y,Y,251.36 
Y,N,N,Y,Y,N,Y,N,Y,Y,N,213.85 
Y,Y,Y,N,Y,Y,Y,Y,Y,Y,Y,254.12 
Y,Y,Y,N,N,Y,Y,N,N,N,Y,255.13 
Y,Y,Y,N,N,Y,Y,N,N,Y,Y,250.67 
Y,Y,Y,N,N,Y,Y,N,Y,N,Y,253.74 
Y,Y,Y,N,N,Y,Y,N,Y,Y,Y,251.16 
Y,Y,Y,N,Y,Y,Y,N,N,N,Y,254.50 
Y,Y,Y,N,Y,Y,Y,N,Y,N,Y,250.60 
Y,Y,Y,N,Y,Y,Y,N,N,Y,Y,251.98 
Y,Y,Y,N,Y,Y,Y,N,Y,Y,Y,254.42 
Y,Y,Y,N,N,Y,Y,Y,N,N,Y,255.32 
Y,N,N,Y,Y,N,N,Y,N,N,N,216.84 
Y,Y,Y,N,N,Y,Y,Y,N,Y,Y,249.46 
Y,Y,Y,N,Y,Y,Y,Y,N,N,Y,252.87 
Y,Y,Y,N,Y,Y,Y,Y,N,Y,Y,250.48 
Y,Y,Y,N,N,Y,Y,Y,Y,N,Y,253.57 
Y,Y,Y,N,Y,Y,Y,Y,Y,N,Y,251.81 
Y,Y,Y,N,N,Y,Y,Y,Y,Y,Y,252.77 
Y,Y,Y,N,Y,Y,Y,Y,Y,Y,Y,255.43 
Y,N,Y,Y,N,N,N,N,N,N,Y,256.25 
Y,N,Y,Y,N,N,N,N,N,Y,Y,244.92 
Y,N,Y,Y,N,N,Y,N,Y,N,Y,247.47 
Y,N,N,N,N,N,Y,N,N,N,N,204.99 
Y,N,N,Y,Y,N,N,Y,N,Y,N,209.84 
Y,N,Y,Y,N,N,Y,N,Y,Y,Y,248.20 
Y,N,Y,Y,N,N,N,Y,N,N,Y,248.90 
Y,N,Y,Y,N,N,Y,Y,Y,N,Y,245.50 
Y,N,Y,Y,N,N,N,Y,N,Y,Y,249.53 
Y,N,Y,Y,N,N,Y,Y,Y,Y,Y,246.32 
Y,N,Y,Y,N,N,Y,N,N,N,Y,250.16 
Y,N,Y,Y,N,N,Y,N,N,Y,Y,247.25 
Y,N,Y,Y,N,N,Y,Y,N,N,Y,249.79 
Y,N,Y,Y,N,N,Y,Y,N,Y,Y,247.43 
Y,N,Y,Y,N,N,Y,N,Y,N,Y,248.43 
Y,N,N,Y,Y,N,Y,Y,N,N,N,211.59 
Y,N,Y,Y,N,N,Y,Y,Y,N,Y,250.12 
Y,N,Y,Y,N,N,Y,N,Y,Y,Y,251.24 
Y,N,Y,Y,N,N,Y,Y,Y,Y,Y,251.24 
Y,N,Y,Y,N,Y,N,N,N,N,Y,252.27 
Y,N,Y,Y,N,Y,N,N,N,Y,Y,246.61 
Y,N,Y,Y,N,Y,Y,N,Y,N,Y,249.25 
Y,N,Y,Y,N,Y,Y,N,Y,Y,Y,249.13 
Y,N,Y,Y,N,Y,Y,N,N,N,Y,250.24 
Y,N,Y,Y,N,Y,Y,N,Y,N,Y,248.71 
Y,N,Y,Y,N,Y,Y,N,N,Y,Y,251.20 
Y,N,N,Y,Y,N,Y,Y,N,Y,N,212.45 
Y,N,Y,Y,N,Y,Y,N,Y,Y,Y,251.30 
Y,N,Y,Y,N,Y,N,Y,N,N,Y,252.93 
Y,N,Y,Y,N,Y,N,Y,N,Y,Y,246.65 
Y,N,Y,Y,N,Y,Y,Y,N,N,Y,247.87 
Y,N,Y,Y,N,Y,Y,Y,N,Y,Y,248.65 
Y,N,Y,Y,N,Y,Y,Y,Y,N,Y,249.83 
Y,N,Y,Y,N,Y,Y,Y,Y,N,Y,249.83 
Y,N,Y,Y,N,Y,Y,Y,Y,Y,Y,251.91 
Y,N,Y,Y,N,Y,Y,Y,Y,Y,Y,251.15 
Y,Y,Y,Y,N,N,N,N,N,N,Y,253.15 
Y,N,N,Y,Y,N,Y,Y,Y,N,N,214.15 
Y,Y,Y,Y,N,N,N,N,N,Y,Y,258.56 
Y,Y,Y,Y,N,N,Y,N,Y,N,Y,264.60 
Y,Y,Y,Y,N,N,Y,N,Y,Y,Y,260.33 
Y,Y,Y,Y,N,N,N,Y,N,N,Y,264.99 
Y,Y,Y,Y,N,N,Y,Y,Y,N,Y,258.23 
Y,Y,Y,Y,N,N,N,Y,N,Y,Y,261.44 
Y,Y,Y,Y,N,N,Y,Y,Y,Y,Y,262.74 
Y,Y,Y,Y,N,Y,N,N,N,N,Y,266.97 
Y,Y,Y,Y,N,Y,N,N,N,Y,Y,260.50 
Y,Y,Y,Y,N,Y,N,Y,N,N,Y,266.45 
Y,N,N,Y,Y,N,Y,Y,Y,N,N,214.31 
Y,Y,Y,Y,N,Y,N,Y,N,Y,Y,259.76 
Y,Y,Y,Y,N,Y,Y,N,Y,N,Y,264.47 
Y,Y,Y,Y,N,Y,Y,Y,Y,N,Y,261.85 
Y,Y,Y,Y,N,Y,Y,N,Y,Y,Y,262.95 
Y,Y,Y,Y,N,Y,Y,Y,Y,Y,Y,266.52 
Y,Y,Y,Y,N,N,Y,N,N,N,Y,267.85 
Y,Y,Y,Y,N,N,Y,N,N,Y,Y,261.90 
Y,Y,Y,Y,N,N,Y,N,Y,N,Y,267.43 
Y,Y,Y,Y,N,N,Y,N,Y,Y,Y,262.66 
Y,Y,Y,Y,N,Y,Y,N,N,N,Y,267.28 
Y,N,N,Y,Y,N,Y,Y,Y,Y,N,216.91 
Y,Y,Y,Y,N,Y,Y,N,Y,N,Y,262.68 
Y,Y,Y,Y,N,Y,Y,N,N,Y,Y,264.16 
Y,Y,Y,Y,N,Y,Y,N,Y,Y,Y,268.80 
Y,Y,Y,Y,N,N,Y,Y,N,N,Y,268.58 
Y,Y,Y,Y,N,N,Y,Y,N,Y,Y,260.17 
Y,Y,Y,Y,N,Y,Y,Y,N,N,Y,264.93 
Y,Y,Y,Y,N,Y,Y,Y,N,Y,Y,261.68 
Y,Y,Y,Y,N,N,Y,Y,Y,N,Y,266.21 
Y,Y,Y,Y,N,Y,Y,Y,Y,N,Y,263.72 
Y,Y,Y,Y,N,N,Y,Y,Y,Y,Y,264.93 
Y,N,N,Y,Y,N,Y,Y,Y,Y,N,215.74 
Y,Y,Y,Y,N,Y,Y,Y,Y,Y,Y,268.42 
Y,N,Y,Y,Y,N,N,N,N,N,Y,269.52 
Y,N,Y,Y,Y,N,N,N,N,Y,Y,245.79 
Y,N,Y,Y,Y,N,Y,N,Y,N,Y,248.19 
Y,N,Y,Y,Y,N,Y,N,Y,Y,Y,248.42 
Y,N,Y,Y,Y,N,N,Y,N,N,Y,249.49 
Y,N,Y,Y,Y,N,Y,Y,Y,N,Y,246.67 
Y,N,Y,Y,Y,N,N,Y,N,Y,Y,249.53 
Y,N,Y,Y,Y,N,Y,Y,Y,Y,Y,247.26 
Y,N,Y,Y,Y,N,Y,N,N,N,Y,250.60 
Y,N,N,Y,N,Y,N,N,N,N,N,218.15 
Y,N,Y,Y,Y,N,Y,N,N,Y,Y,247.67 
Y,N,Y,Y,Y,N,Y,Y,N,N,Y,250.37 
Y,N,Y,Y,Y,N,Y,Y,N,Y,Y,248.30 
Y,N,Y,Y,Y,N,Y,N,Y,N,Y,249.30 
Y,N,Y,Y,Y,N,Y,Y,Y,N,Y,250.45 
Y,N,Y,Y,Y,N,Y,N,Y,Y,Y,251.52 
Y,N,Y,Y,Y,N,Y,Y,Y,Y,Y,251.25 
Y,Y,Y,Y,Y,N,N,N,N,N,Y,252.50 
Y,Y,Y,Y,Y,N,N,N,N,Y,Y,260.17 
Y,Y,Y,Y,Y,N,Y,N,Y,N,Y,266.11 
Y,N,N,Y,N,Y,N,N,N,Y,N,209.58 
Y,Y,Y,Y,Y,N,Y,N,Y,Y,Y,261.69 
Y,Y,Y,Y,Y,N,Y,N,N,N,Y,266.48 
Y,Y,Y,Y,Y,N,Y,N,Y,N,Y,262.22 
Y,Y,Y,Y,Y,N,Y,N,N,Y,Y,263.79 
Y,Y,Y,Y,Y,N,Y,N,Y,Y,Y,268.41 
Y,Y,Y,Y,Y,N,N,Y,N,N,Y,268.38 
Y,Y,Y,Y,Y,N,N,Y,N,Y,Y,259.26 
Y,Y,Y,Y,Y,N,Y,Y,N,N,Y,264.17 
Y,Y,Y,Y,Y,N,Y,Y,N,Y,Y,261.36 
Y,Y,Y,Y,Y,N,Y,Y,Y,N,Y,266.93 
Y,N,N,Y,N,Y,Y,N,Y,N,N,211.74 
Y,Y,Y,Y,Y,N,Y,Y,Y,N,Y,262.60 
Y,Y,Y,Y,Y,N,Y,Y,Y,Y,Y,264.60 
Y,Y,Y,Y,Y,N,Y,Y,Y,Y,Y,267.32 
Y,N,Y,Y,Y,Y,N,N,N,N,Y,269.38 
Y,N,Y,Y,Y,Y,N,N,N,Y,Y,247.13 
Y,N,Y,Y,Y,Y,Y,N,Y,N,Y,249.74 
Y,N,Y,Y,Y,Y,Y,N,Y,Y,Y,249.60 
Y,N,Y,Y,Y,Y,N,Y,N,N,Y,250.61 
Y,N,Y,Y,Y,Y,Y,Y,Y,N,Y,247.31 
Y,N,Y,Y,Y,Y,N,Y,N,Y,Y,250.75 
